job_title,company,location,job_type,category,salary_min,salary_max,experience_required,publication_date,skills,education_level,company_size,benefits,publication_date_BR,salary_avg,cidade,estado,is_remote
Engineering Manager,DataInc,"San Francisco, CA",Remote,Technology,151082.0,291345.0,4,2025-11-27 00:00:00,"AWS, Agile, Machine Learning, Kubernetes, MongoDB, Ruby",Master's Degree,1-50 employees,"Health Insurance, 401(k), Unlimited PTO",27/11/2025,221213.5,San Francisco, CA,Yes
Engineering Manager,EnterpriseHub,"New York, NY",Remote,Technology,156891.0,280075.0,3,2025-11-27 00:00:00,"Java, Agile, Git, SQL, Ruby, Go",PhD,1-50 employees,"Dental, Vision, Annual Bonus",27/11/2025,218483.0,New York, NY,Yes
Engineering Manager,StartupXYZ,"Seattle, WA",Part-time,Technology,152134.0,280310.0,4,2025-11-27 00:00:00,"AWS, Python, Kubernetes, Git",Associate Degree,1000+ employees,"Stock Options, Remote Work Stipend",27/11/2025,216222.0,Seattle, WA,No
Lead Engineer,WebDynamics,"Seattle, WA",Full-time,Technology,151918.0,253988.0,7,2025-11-27 00:00:00,"Agile, Git, Docker, REST APIs, TypeScript",PhD,1000+ employees,"Health Insurance, 401(k), Unlimited PTO",27/11/2025,202953.0,Seattle, WA,No
Senior Software Engineer,DigitalWorks,"San Francisco, CA",Full-time,Technology,148141.0,252584.0,9,2025-11-27 00:00:00,"Agile, Ruby, Docker, Git, JavaScript",High School,1000+ employees,"Health Insurance, 401(k), Unlimited PTO",27/11/2025,200362.5,San Francisco, CA,No
Senior Software Engineer,WebDynamics,"Seattle, WA",Part-time,Technology,147870.0,248059.0,8,2025-11-27 00:00:00,"CI/CD, Python, Kubernetes, JavaScript, SQL, Docker, Machine Learning",High School,201-500 employees,"Stock Options, Remote Work Stipend",27/11/2025,197964.5,Seattle, WA,No
Senior Data Scientist,WebDynamics,"Seattle, WA",Part-time,Technology,149467.0,244158.0,11,2025-11-27 00:00:00,"Machine Learning, TypeScript, Node.js, Docker, Python, REST APIs, CI/CD",Associate Degree,51-200 employees,"Health Insurance, 401(k), Unlimited PTO",27/11/2025,196812.5,Seattle, WA,No
Lead Engineer,AI Solutions,"San Francisco, CA",Contract,Technology,133652.0,258933.0,11,2025-11-27 00:00:00,"Java, Python, Machine Learning",Associate Degree,501-1000 employees,"Health Insurance, 401(k), Unlimited PTO",27/11/2025,196292.5,San Francisco, CA,No
Lead Engineer,AI Solutions,"New York, NY",Full-time,Technology,138787.0,242901.0,5,2025-11-27 00:00:00,"TypeScript, Kubernetes, AWS, JavaScript, Go",Associate Degree,201-500 employees,"Health Insurance, 401(k), Unlimited PTO",27/11/2025,190844.0,New York, NY,No
Project Manager,DataInc,"New York, NY",Full-time,Technology,133004.0,237154.0,2,2025-11-27 00:00:00,"TypeScript, Java, JavaScript, Kubernetes, Go",High School,501-1000 employees,"Stock Options, Remote Work Stipend",27/11/2025,185079.0,New York, NY,No
Product Manager,EnterpriseHub,"San Francisco, CA",Contract,Technology,134354.0,233476.0,4,2025-11-27 00:00:00,"Machine Learning, MongoDB, Python, REST APIs, AWS, React, Node.js",Master's Degree,51-200 employees,"Dental, Vision, Annual Bonus",27/11/2025,183915.0,San Francisco, CA,No
Product Manager,EnterpriseHub,"London, UK",Part-time,Technology,133776.0,232759.0,5,2025-11-27 00:00:00,"JavaScript, Machine Learning, Kubernetes, TensorFlow",Unspecified,1000+ employees,"Health Insurance, 401(k), Unlimited PTO",27/11/2025,183267.5,London, UK,No
Project Manager,TechCorp,"New York, NY",Remote,Technology,124814.0,235012.0,4,2025-11-27 00:00:00,"Java, CI/CD, TypeScript",Unspecified,51-200 employees,"Health Insurance, 401(k), Unlimited PTO",27/11/2025,179913.0,New York, NY,Yes
Product Manager,EnterpriseHub,"Seattle, WA",Part-time,Technology,130136.0,228915.0,4,2025-11-27 00:00:00,"AWS, React, Docker, Java, Kubernetes",PhD,501-1000 employees,"Stock Options, Remote Work Stipend",27/11/2025,179525.5,Seattle, WA,No
Engineering Manager,DigitalWorks,"Denver, CO",Part-time,Technology,124285.0,232235.0,3,2025-11-27 00:00:00,"AWS, Machine Learning, SQL, Go, TypeScript",Associate Degree,51-200 employees,"Stock Options, Remote Work Stipend",27/11/2025,178260.0,Denver, CO,No
Engineering Manager,AI Solutions,"Boston, MA",Part-time,Technology,112849.0,233748.0,2,2025-11-27 00:00:00,"AWS, Go, Machine Learning, Git, Ruby",Bachelor's Degree,501-1000 employees,"Dental, Vision, Annual Bonus",27/11/2025,173298.5,Boston, MA,No
Engineering Manager,DataInc,"Chicago, IL",Remote,Technology,112205.0,224750.0,3,2025-11-27 00:00:00,"Go, SQL, AWS, Java, React",PhD,1000+ employees,"Dental, Vision, Annual Bonus",27/11/2025,168477.5,Chicago, IL,Yes
Engineering Manager,CloudSystems,"Atlanta, GA",Contract,Technology,125001.0,210672.0,3,2025-11-27 00:00:00,"Docker, Agile, TensorFlow, AWS, Python, CI/CD",Unspecified,51-200 employees,"Health Insurance, 401(k), Unlimited PTO",27/11/2025,167836.5,Atlanta, GA,No
Technical Lead,WebDynamics,"San Francisco, CA",Contract,Technology,125359.0,209806.0,11,2025-11-27 00:00:00,"Node.js, Agile, Java",High School,201-500 employees,"Stock Options, Remote Work Stipend",27/11/2025,167582.5,San Francisco, CA,No
Engineering Manager,EnterpriseHub,"Denver, CO",Remote,Technology,116663.0,216465.0,2,2025-11-27 00:00:00,"React, REST APIs, Java, Docker, TypeScript, Machine Learning",Master's Degree,201-500 employees,"Dental, Vision, Annual Bonus",27/11/2025,166564.0,Denver, CO,Yes
Engineering Manager,DataInc,"Austin, TX",Remote,Technology,111856.0,214647.0,3,2025-11-27 00:00:00,"TensorFlow, CI/CD, Python, TypeScript, Java, Go, SQL",Associate Degree,1000+ employees,"Health Insurance, 401(k), Unlimited PTO",27/11/2025,163251.5,Austin, TX,Yes
Senior Software Engineer,DigitalWorks,"Denver, CO",Full-time,Technology,115867.0,203905.0,9,2025-11-27 00:00:00,"Docker, MongoDB, REST APIs, Go, Python, Git",Associate Degree,1-50 employees,"Health Insurance, 401(k), Unlimited PTO",27/11/2025,159886.0,Denver, CO,No
Senior Software Engineer,EnterpriseHub,"Boston, MA",Contract,Technology,119378.0,199930.0,9,2025-11-27 00:00:00,"Python, TypeScript, Node.js, TensorFlow",High School,501-1000 employees,"Stock Options, Remote Work Stipend",27/11/2025,159654.0,Boston, MA,No
Senior Data Scientist,CloudSystems,"Denver, CO",Full-time,Technology,119028.0,200044.0,6,2025-11-27 00:00:00,"Ruby, React, Node.js",High School,51-200 employees,"Health Insurance, 401(k), Unlimited PTO",27/11/2025,159536.0,Denver, CO,No
Lead Engineer,TechCorp,"Berlin, Germany",Part-time,Technology,114184.0,204087.0,9,2025-11-27 00:00:00,"JavaScript, Java, MongoDB",Bachelor's Degree,501-1000 employees,"Dental, Vision, Annual Bonus",27/11/2025,159135.5,Berlin, Germany,No
Senior Data Scientist,CloudSystems,"Chicago, IL",Contract,Technology,118237.0,197803.0,5,2025-11-27 00:00:00,"SQL, Kubernetes, React, Machine Learning, Python, Agile, Java",Bachelor's Degree,1-50 employees,"Stock Options, Remote Work Stipend",27/11/2025,158020.0,Chicago, IL,No
Lead Engineer,DigitalWorks,"Boston, MA",Contract,Technology,115759.0,199751.0,12,2025-11-27 00:00:00,"Git, AWS, JavaScript, Machine Learning, Python, CI/CD",Master's Degree,1-50 employees,"Health Insurance, 401(k), Unlimited PTO",27/11/2025,157755.0,Boston, MA,No
Technical Lead,DigitalWorks,"New York, NY",Part-time,Technology,108456.0,206849.0,11,2025-11-27 00:00:00,"TypeScript, Python, Machine Learning, JavaScript, React",High School,1000+ employees,"Health Insurance, 401(k), Unlimited PTO",27/11/2025,157652.5,New York, NY,No
Senior Data Scientist,EnterpriseHub,Remote,Contract,Technology,115733.0,197147.0,11,2025-11-27 00:00:00,"Git, Java, CI/CD, REST APIs, Python, Kubernetes, Go",Bachelor's Degree,201-500 employees,"Dental, Vision, Annual Bonus",27/11/2025,156440.0,Remote,Remote,No
Lead Engineer,WebDynamics,"Atlanta, GA",Part-time,Technology,114256.0,197781.0,6,2025-11-27 00:00:00,"JavaScript, CI/CD, Java, REST APIs, Docker",Master's Degree,51-200 employees,"Stock Options, Remote Work Stipend",27/11/2025,156018.5,Atlanta, GA,No
Lead Engineer,DataInc,"Denver, CO",Remote,Technology,118910.0,191852.0,9,2025-11-27 00:00:00,"Machine Learning, Node.js, CI/CD",Unspecified,501-1000 employees,"Dental, Vision, Annual Bonus",27/11/2025,155381.0,Denver, CO,Yes
Data Scientist,CodeFactory,"New York, NY",Full-time,Technology,113649.0,196060.0,2,2025-11-27 00:00:00,"REST APIs, CI/CD, Python",Unspecified,1-50 employees,"Health Insurance, 401(k), Unlimited PTO",27/11/2025,154854.5,New York, NY,No
Senior Software Engineer,EnterpriseHub,"Toronto, Canada",Contract,Technology,111951.0,197281.0,5,2025-11-27 00:00:00,"AWS, CI/CD, REST APIs, Machine Learning, MongoDB, Agile, React",Bachelor's Degree,51-200 employees,"Stock Options, Remote Work Stipend",27/11/2025,154616.0,Toronto, Canada,No
Senior Data Scientist,InnovateLab,"Toronto, Canada",Remote,Technology,118274.0,189378.0,8,2025-11-27 00:00:00,"Machine Learning, Node.js, Go, React, Git, REST APIs, CI/CD",High School,201-500 employees,"Stock Options, Remote Work Stipend",27/11/2025,153826.0,Toronto, Canada,Yes
Senior Software Engineer,CodeFactory,"Atlanta, GA",Full-time,Technology,116897.0,190586.0,9,2025-11-27 00:00:00,"Kubernetes, Go, JavaScript, MongoDB, Node.js, Machine Learning",High School,501-1000 employees,"Dental, Vision, Annual Bonus",27/11/2025,153741.5,Atlanta, GA,No
Senior Software Engineer,CodeFactory,"Boston, MA",Full-time,Technology,106078.0,200220.0,12,2025-11-27 00:00:00,"MongoDB, TypeScript, Java",Unspecified,501-1000 employees,"Health Insurance, 401(k), Unlimited PTO",27/11/2025,153149.0,Boston, MA,No
Senior Software Engineer,TechCorp,"Atlanta, GA",Full-time,Technology,106043.0,199399.0,9,2025-11-27 00:00:00,"Java, Agile, CI/CD, JavaScript, AWS",Master's Degree,1000+ employees,"Stock Options, Remote Work Stipend",27/11/2025,152721.0,Atlanta, GA,No
Senior Software Engineer,CloudSystems,"Austin, TX",Remote,Technology,105471.0,199090.0,6,2025-11-27 00:00:00,"TypeScript, Node.js, TensorFlow, Go, REST APIs, React, Python",High School,501-1000 employees,"Stock Options, Remote Work Stipend",27/11/2025,152280.5,Austin, TX,Yes
Senior Software Engineer,InnovateLab,"Austin, TX",Contract,Technology,107776.0,195509.0,5,2025-11-27 00:00:00,"CI/CD, Git, JavaScript",Bachelor's Degree,1-50 employees,"Health Insurance, 401(k), Unlimited PTO",27/11/2025,151642.5,Austin, TX,No
Technical Lead,CloudSystems,"Seattle, WA",Part-time,Technology,107434.0,194992.0,12,2025-11-27 00:00:00,"Kubernetes, SQL, REST APIs, TensorFlow, MongoDB",Unspecified,1000+ employees,"Dental, Vision, Annual Bonus",27/11/2025,151213.0,Seattle, WA,No
Lead Engineer,DataInc,"Atlanta, GA",Contract,Technology,103724.0,197589.0,7,2025-11-27 00:00:00,"MongoDB, AWS, Python, Machine Learning, Kubernetes, JavaScript",Master's Degree,51-200 employees,"Health Insurance, 401(k), Unlimited PTO",27/11/2025,150656.5,Atlanta, GA,No
Product Manager,WebDynamics,"Denver, CO",Remote,Technology,107618.0,193038.0,5,2025-11-27 00:00:00,"SQL, TensorFlow, MongoDB, REST APIs, Docker, Node.js",High School,1-50 employees,"Health Insurance, 401(k), Unlimited PTO",27/11/2025,150328.0,Denver, CO,Yes
Technical Lead,DigitalWorks,"Seattle, WA",Part-time,Technology,109758.0,190478.0,7,2025-11-27 00:00:00,"SQL, TensorFlow, Node.js, Git, AWS",Unspecified,201-500 employees,"Health Insurance, 401(k), Unlimited PTO",27/11/2025,150118.0,Seattle, WA,No
Frontend Developer,DataInc,"New York, NY",Part-time,Technology,107507.0,192555.0,2,2025-11-27 00:00:00,"TypeScript, JavaScript, SQL, Machine Learning, Docker",Master's Degree,51-200 employees,"Health Insurance, 401(k), Unlimited PTO",27/11/2025,150031.0,New York, NY,No
Senior Solutions Architect,Automat-it,Berlin,Full-time,Remote,110000.0,190000.0,2,2025-11-27 06:42:10,Não Informado,Unspecified,201-500 employees,"Dental, Vision, Annual Bonus",27/11/2025,150000.0,Berlin,Não Informado,No
Product Manager,DataInc,"Chicago, IL",Contract,Technology,105801.0,193211.0,3,2025-11-27 00:00:00,"Java, Ruby, Agile, AWS",Unspecified,1000+ employees,"Stock Options, Remote Work Stipend",27/11/2025,149506.0,Chicago, IL,No
Solutions Architect,EnterpriseHub,"London, UK",Remote,Technology,109002.0,189999.0,4,2025-11-27 00:00:00,"AWS, Go, JavaScript, Docker, Machine Learning",Master's Degree,51-200 employees,"Dental, Vision, Annual Bonus",27/11/2025,149500.5,London, UK,Yes
Software Engineer,DataInc,"San Francisco, CA",Part-time,Technology,104788.0,193973.0,5,2025-11-27 00:00:00,"AWS, TypeScript, MongoDB, React, Ruby, SQL, CI/CD",Associate Degree,201-500 employees,"Health Insurance, 401(k), Unlimited PTO",27/11/2025,149380.5,San Francisco, CA,No
Backend Developer,InnovateLab,"San Francisco, CA",Contract,Technology,103684.0,194848.0,2,2025-11-27 00:00:00,"Kubernetes, Docker, Java, TensorFlow, Python, SQL, Git",Associate Degree,1-50 employees,"Health Insurance, 401(k), Unlimited PTO",27/11/2025,149266.0,San Francisco, CA,No
Senior Software Engineer,CodeFactory,"Boston, MA",Full-time,Technology,102659.0,195385.0,5,2025-11-27 00:00:00,"React, REST APIs, CI/CD, Java, SQL, AWS",Unspecified,201-500 employees,"Dental, Vision, Annual Bonus",27/11/2025,149022.0,Boston, MA,No
QA Engineer,DataInc,"New York, NY",Remote,Technology,111455.0,186282.0,4,2025-11-27 00:00:00,"JavaScript, React, Git, Docker, AWS, Ruby, TypeScript",PhD,201-500 employees,"Stock Options, Remote Work Stipend",27/11/2025,148868.5,New York, NY,Yes
Project Manager,CodeFactory,"Austin, TX",Full-time,Technology,103468.0,194130.0,2,2025-11-27 00:00:00,"TypeScript, Git, JavaScript, React, Kubernetes, AWS, Node.js",Bachelor's Degree,51-200 employees,"Stock Options, Remote Work Stipend",27/11/2025,148799.0,Austin, TX,No
Product Manager,InnovateLab,"Chicago, IL",Remote,Technology,106148.0,190939.0,4,2025-11-27 00:00:00,"JavaScript, Go, CI/CD, Machine Learning",PhD,201-500 employees,"Dental, Vision, Annual Bonus",27/11/2025,148543.5,Chicago, IL,Yes
Backend Developer,CodeFactory,"London, UK",Remote,Technology,111149.0,185900.0,4,2025-11-27 00:00:00,"Java, Docker, AWS, Go, Git, TypeScript, Node.js",Master's Degree,1-50 employees,"Health Insurance, 401(k), Unlimited PTO",27/11/2025,148524.5,London, UK,Yes
Senior Software Engineer,TechCorp,"Denver, CO",Part-time,Technology,104733.0,192020.0,8,2025-11-27 00:00:00,"Machine Learning, Docker, Java, Agile, React, SQL",Master's Degree,1000+ employees,"Stock Options, Remote Work Stipend",27/11/2025,148376.5,Denver, CO,No
Project Manager,DigitalWorks,"Denver, CO",Full-time,Technology,109605.0,185719.0,2,2025-11-27 00:00:00,"JavaScript, Go, Ruby, Git, TensorFlow, REST APIs",Unspecified,51-200 employees,"Stock Options, Remote Work Stipend",27/11/2025,147662.0,Denver, CO,No
Project Manager,CodeFactory,Remote,Part-time,Technology,106406.0,188827.0,4,2025-11-27 00:00:00,"Agile, SQL, TensorFlow, Machine Learning",Master's Degree,1-50 employees,"Health Insurance, 401(k), Unlimited PTO",27/11/2025,147616.5,Remote,Remote,No
Software Engineer,EnterpriseHub,"San Francisco, CA",Remote,Technology,113693.0,181173.0,2,2025-11-27 00:00:00,"Node.js, TensorFlow, CI/CD, REST APIs",Unspecified,51-200 employees,"Dental, Vision, Annual Bonus",27/11/2025,147433.0,San Francisco, CA,Yes
Machine Learning Engineer,WebDynamics,"New York, NY",Contract,Technology,103982.0,190665.0,5,2025-11-27 00:00:00,"CI/CD, Go, REST APIs, TypeScript, Node.js",Associate Degree,1-50 employees,"Dental, Vision, Annual Bonus",27/11/2025,147323.5,New York, NY,No
Project Manager,CloudSystems,Remote,Full-time,Technology,99351.0,194988.0,2,2025-11-27 00:00:00,"Machine Learning, AWS, Kubernetes, Docker, SQL, Ruby",Associate Degree,201-500 employees,"Dental, Vision, Annual Bonus",27/11/2025,147169.5,Remote,Remote,No
Senior Data Scientist,DataInc,"Atlanta, GA",Full-time,Technology,110033.0,184236.0,9,2025-11-27 00:00:00,"JavaScript, Git, SQL, Kubernetes",Associate Degree,1000+ employees,"Dental, Vision, Annual Bonus",27/11/2025,147134.5,Atlanta, GA,No
DevOps Engineer,DigitalWorks,"San Francisco, CA",Remote,Technology,112214.0,181264.0,3,2025-11-27 00:00:00,"Python, REST APIs, Go, Java",PhD,1-50 employees,"Stock Options, Remote Work Stipend",27/11/2025,146739.0,San Francisco, CA,Yes
Frontend Developer,TechCorp,"New York, NY",Remote,Technology,97145.0,196212.0,3,2025-11-27 00:00:00,"Java, Ruby, Node.js",PhD,501-1000 employees,"Dental, Vision, Annual Bonus",27/11/2025,146678.5,New York, NY,Yes
Machine Learning Engineer,DataInc,"New York, NY",Remote,Technology,106755.0,186095.0,2,2025-11-27 00:00:00,"Agile, REST APIs, AWS, Git, Machine Learning, CI/CD",Unspecified,1000+ employees,"Health Insurance, 401(k), Unlimited PTO",27/11/2025,146425.0,New York, NY,Yes
Backend Developer,StartupXYZ,"London, UK",Remote,Technology,103022.0,188756.0,4,2025-11-27 00:00:00,"Java, REST APIs, Python, JavaScript",PhD,501-1000 employees,"Stock Options, Remote Work Stipend",27/11/2025,145889.0,London, UK,Yes
Data Scientist,DataInc,"Seattle, WA",Full-time,Technology,104474.0,187248.0,3,2025-11-27 00:00:00,"AWS, SQL, Agile, Ruby, Git, JavaScript",Unspecified,501-1000 employees,"Health Insurance, 401(k), Unlimited PTO",27/11/2025,145861.0,Seattle, WA,No
DevOps Engineer,DigitalWorks,"San Francisco, CA",Part-time,Technology,103733.0,186360.0,3,2025-11-27 00:00:00,"Ruby, MongoDB, JavaScript, CI/CD, Machine Learning, REST APIs, Git",Associate Degree,51-200 employees,"Stock Options, Remote Work Stipend",27/11/2025,145046.5,San Francisco, CA,No
Product Manager,InnovateLab,"Atlanta, GA",Remote,Technology,108664.0,181419.0,5,2025-11-27 00:00:00,"Python, AWS, Java, Machine Learning, Go, Docker",Master's Degree,51-200 employees,"Dental, Vision, Annual Bonus",27/11/2025,145041.5,Atlanta, GA,Yes
Project Manager,CloudSystems,Remote,Contract,Technology,109337.0,180013.0,4,2025-11-27 00:00:00,"Machine Learning, JavaScript, Kubernetes",Bachelor's Degree,51-200 employees,"Dental, Vision, Annual Bonus",27/11/2025,144675.0,Remote,Remote,No
Machine Learning Engineer,TechCorp,"New York, NY",Full-time,Technology,107485.0,181694.0,4,2025-11-27 00:00:00,"Ruby, AWS, SQL, TensorFlow",High School,1000+ employees,"Stock Options, Remote Work Stipend",27/11/2025,144589.5,New York, NY,No
Solutions Architect,InnovateLab,"New York, NY",Remote,Technology,106239.0,182583.0,5,2025-11-27 00:00:00,"JavaScript, Agile, Kubernetes, React",Master's Degree,1-50 employees,"Dental, Vision, Annual Bonus",27/11/2025,144411.0,New York, NY,Yes
Machine Learning Engineer,TechCorp,"San Francisco, CA",Full-time,Technology,112535.0,176131.0,2,2025-11-27 00:00:00,"TypeScript, Kubernetes, Go, Git, SQL, Node.js, TensorFlow",Unspecified,501-1000 employees,"Dental, Vision, Annual Bonus",27/11/2025,144333.0,San Francisco, CA,No
Software Engineer,DataInc,"San Francisco, CA",Contract,Technology,105618.0,182763.0,2,2025-11-27 00:00:00,"Ruby, REST APIs, AWS, CI/CD, TypeScript, Agile, JavaScript",Bachelor's Degree,501-1000 employees,"Dental, Vision, Annual Bonus",27/11/2025,144190.5,San Francisco, CA,No
Frontend Developer,WebDynamics,"New York, NY",Remote,Technology,109745.0,178290.0,4,2025-11-27 00:00:00,"Go, MongoDB, CI/CD, Machine Learning, Agile, Java",Bachelor's Degree,1000+ employees,"Stock Options, Remote Work Stipend",27/11/2025,144017.5,New York, NY,Yes
Security Engineer,EnterpriseHub,"London, UK",Contract,Technology,100122.0,187098.0,5,2025-11-27 00:00:00,"Node.js, TensorFlow, TypeScript, SQL",PhD,1-50 employees,"Stock Options, Remote Work Stipend",27/11/2025,143610.0,London, UK,No
Lead Engineer,EnterpriseHub,"Austin, TX",Contract,Technology,102627.0,184145.0,10,2025-11-27 00:00:00,"Agile, Machine Learning, Python, React",PhD,1000+ employees,"Stock Options, Remote Work Stipend",27/11/2025,143386.0,Austin, TX,No
Product Manager,StartupXYZ,"Austin, TX",Part-time,Technology,102940.0,181529.0,4,2025-11-27 00:00:00,"AWS, MongoDB, TypeScript",PhD,1-50 employees,"Dental, Vision, Annual Bonus",27/11/2025,142234.5,Austin, TX,No
Project Manager,InnovateLab,"Toronto, Canada",Remote,Technology,100562.0,183103.0,5,2025-11-27 00:00:00,"JavaScript, REST APIs, Machine Learning, React",Master's Degree,501-1000 employees,"Dental, Vision, Annual Bonus",27/11/2025,141832.5,Toronto, Canada,Yes
Software Engineer,DigitalWorks,"London, UK",Full-time,Technology,96309.0,187356.0,3,2025-11-27 00:00:00,"Node.js, Machine Learning, SQL, Docker, Go",Associate Degree,501-1000 employees,"Dental, Vision, Annual Bonus",27/11/2025,141832.5,London, UK,No
Solutions Architect,DataInc,"Seattle, WA",Remote,Technology,110280.0,173023.0,4,2025-11-27 00:00:00,"MongoDB, React, TensorFlow",High School,1-50 employees,"Stock Options, Remote Work Stipend",27/11/2025,141651.5,Seattle, WA,Yes
Frontend Developer,InnovateLab,"Seattle, WA",Remote,Technology,95592.0,185558.0,2,2025-11-27 00:00:00,"Git, MongoDB, Go, Agile, React, Ruby, Machine Learning",Associate Degree,1-50 employees,"Dental, Vision, Annual Bonus",27/11/2025,140575.0,Seattle, WA,Yes
Project Manager,AI Solutions,"Toronto, Canada",Contract,Technology,98217.0,182780.0,3,2025-11-27 00:00:00,"TensorFlow, Git, Machine Learning, Python",Unspecified,1000+ employees,"Health Insurance, 401(k), Unlimited PTO",27/11/2025,140498.5,Toronto, Canada,No
Machine Learning Engineer,AI Solutions,"New York, NY",Remote,Technology,98780.0,181433.0,2,2025-11-27 00:00:00,"SQL, AWS, REST APIs, Kubernetes, Machine Learning",PhD,501-1000 employees,"Stock Options, Remote Work Stipend",27/11/2025,140106.5,New York, NY,Yes
Talent Acquisition Manager:in,Skalar,Munich,manager,Recruitment and Selection,100000.0,180000.0,2,2025-11-26 17:31:35,Não Informado,High School,501-1000 employees,"Stock Options, Remote Work Stipend",26/11/2025,140000.0,Munich,Não Informado,No
Account Manager,Paymentology,Berlin,Full time,Remote,100000.0,180000.0,7,2025-11-26 21:42:09,Não Informado,Unspecified,201-500 employees,"Dental, Vision, Annual Bonus",26/11/2025,140000.0,Berlin,Não Informado,No
Technical Account Manager - DACH,SolarEdge,Munich,Full-time,Remote,100000.0,180000.0,5,2025-11-26 21:42:09,Não Informado,Master's Degree,1000+ employees,"Health Insurance, 401(k), Unlimited PTO",26/11/2025,140000.0,Munich,Não Informado,No
Technical Account Manager - DACH,SolarEdge,Munich,Full-time,Remote,100000.0,180000.0,5,2025-11-27 03:42:09,Não Informado,Unspecified,501-1000 employees,"Dental, Vision, Annual Bonus",27/11/2025,140000.0,Munich,Não Informado,No
Account Manager,Paymentology,Berlin,Full time,Remote,100000.0,180000.0,7,2025-11-26 18:42:09,Não Informado,Associate Degree,1-50 employees,"Health Insurance, 401(k), Unlimited PTO",26/11/2025,140000.0,Berlin,Não Informado,No
Account Manager,Paymentology,Berlin,Full time,Remote,100000.0,180000.0,7,2025-11-27 03:42:09,Não Informado,Unspecified,501-1000 employees,"Stock Options, Remote Work Stipend",27/11/2025,140000.0,Berlin,Não Informado,No
Project Manager,WebDynamics,Remote,Full-time,Technology,95141.0,182407.0,4,2025-11-27 00:00:00,"Python, Java, TensorFlow, Git, Go, CI/CD, JavaScript",PhD,1-50 employees,"Health Insurance, 401(k), Unlimited PTO",27/11/2025,138774.0,Remote,Remote,No
QA Engineer,CodeFactory,"New York, NY",Full-time,Technology,100203.0,174792.0,3,2025-11-27 00:00:00,"Python, MongoDB, Machine Learning, Node.js, JavaScript, Ruby",Associate Degree,1-50 employees,"Health Insurance, 401(k), Unlimited PTO",27/11/2025,137497.5,New York, NY,No
QA Engineer,InnovateLab,"Seattle, WA",Full-time,Technology,94838.0,179568.0,5,2025-11-27 00:00:00,"Git, TypeScript, Go",PhD,1000+ employees,"Dental, Vision, Annual Bonus",27/11/2025,137203.0,Seattle, WA,No
Security Engineer,StartupXYZ,"New York, NY",Contract,Technology,98214.0,176117.0,2,2025-11-27 00:00:00,"Git, Ruby, Machine Learning, Kubernetes, Agile, SQL",High School,1000+ employees,"Dental, Vision, Annual Bonus",27/11/2025,137165.5,New York, NY,No
Product Manager,CodeFactory,"Denver, CO",Contract,Technology,97454.0,171881.0,4,2025-11-27 00:00:00,"Machine Learning, Git, REST APIs, Node.js",Bachelor's Degree,201-500 employees,"Stock Options, Remote Work Stipend",27/11/2025,134667.5,Denver, CO,No
Technical Lead,DigitalWorks,"Boston, MA",Contract,Technology,98508.0,156486.0,8,2025-11-27 00:00:00,"Agile, Go, Node.js",PhD,1-50 employees,"Dental, Vision, Annual Bonus",27/11/2025,127497.0,Boston, MA,No
Technical Lead,DataInc,"Denver, CO",Part-time,Technology,87016.0,161933.0,8,2025-11-27 00:00:00,"Java, Go, JavaScript, Python, Agile",Master's Degree,201-500 employees,"Dental, Vision, Annual Bonus",27/11/2025,124474.5,Denver, CO,No
Technical Lead,StartupXYZ,"Chicago, IL",Remote,Technology,95342.0,151737.0,7,2025-11-27 00:00:00,"TensorFlow, Agile, JavaScript, Ruby, Docker, Node.js, Git",Unspecified,51-200 employees,"Dental, Vision, Annual Bonus",27/11/2025,123539.5,Chicago, IL,Yes
Technical Lead,CodeFactory,"Toronto, Canada",Contract,Technology,94578.0,151875.0,9,2025-11-27 00:00:00,"Ruby, JavaScript, TensorFlow, Docker, TypeScript, React, CI/CD",High School,501-1000 employees,"Stock Options, Remote Work Stipend",27/11/2025,123226.5,Toronto, Canada,No
Software Engineer,DataInc,"Chicago, IL",Remote,Technology,88855.0,154571.0,5,2025-11-27 00:00:00,"Ruby, SQL, MongoDB",Bachelor's Degree,1000+ employees,"Stock Options, Remote Work Stipend",27/11/2025,121713.0,Chicago, IL,Yes
Technical Lead,CodeFactory,"Austin, TX",Full-time,Technology,90287.0,150531.0,8,2025-11-27 00:00:00,"SQL, CI/CD, Go, Java",Master's Degree,51-200 employees,"Stock Options, Remote Work Stipend",27/11/2025,120409.0,Austin, TX,No
Technical Lead,TechCorp,"Toronto, Canada",Remote,Technology,98084.0,141986.0,7,2025-11-27 00:00:00,"Python, JavaScript, Git, Docker, Java, Node.js, Ruby",Master's Degree,1-50 employees,"Dental, Vision, Annual Bonus",27/11/2025,120035.0,Toronto, Canada,Yes
DevOps Engineer,AI Solutions,Remote,Part-time,Technology,85048.0,154593.0,3,2025-11-27 00:00:00,"TypeScript, CI/CD, Git",Master's Degree,1-50 employees,"Dental, Vision, Annual Bonus",27/11/2025,119820.5,Remote,Remote,No
QA Engineer,WebDynamics,"Chicago, IL",Contract,Technology,84367.0,154954.0,2,2025-11-27 00:00:00,"JavaScript, Python, Docker, REST APIs",PhD,1-50 employees,"Health Insurance, 401(k), Unlimited PTO",27/11/2025,119660.5,Chicago, IL,No
Data Scientist,StartupXYZ,"Austin, TX",Part-time,Technology,85820.0,152915.0,2,2025-11-27 00:00:00,"Java, REST APIs, Git, AWS, Node.js, Machine Learning",Bachelor's Degree,201-500 employees,"Dental, Vision, Annual Bonus",27/11/2025,119367.5,Austin, TX,No
Full Stack Developer,EnterpriseHub,"Atlanta, GA",Remote,Technology,89996.0,148405.0,4,2025-11-27 00:00:00,"Kubernetes, REST APIs, Git, Java, MongoDB, CI/CD",Bachelor's Degree,51-200 employees,"Dental, Vision, Annual Bonus",27/11/2025,119200.5,Atlanta, GA,Yes
Machine Learning Engineer,AI Solutions,"Austin, TX",Remote,Technology,88628.0,149577.0,4,2025-11-27 00:00:00,"Ruby, Docker, Agile, Python, TensorFlow",High School,1-50 employees,"Dental, Vision, Annual Bonus",27/11/2025,119102.5,Austin, TX,Yes
Full Stack Developer,TechCorp,"Toronto, Canada",Remote,Technology,83894.0,154229.0,2,2025-11-27 00:00:00,"AWS, Node.js, TensorFlow, Ruby",Bachelor's Degree,501-1000 employees,"Health Insurance, 401(k), Unlimited PTO",27/11/2025,119061.5,Toronto, Canada,Yes
Solutions Architect,WebDynamics,"Chicago, IL",Part-time,Technology,86172.0,151938.0,3,2025-11-27 00:00:00,"Python, Node.js, MongoDB, SQL, REST APIs",Master's Degree,501-1000 employees,"Health Insurance, 401(k), Unlimited PTO",27/11/2025,119055.0,Chicago, IL,No
Data Scientist,DataInc,Remote,Full-time,Technology,89618.0,148172.0,2,2025-11-27 00:00:00,"Docker, Python, REST APIs, Node.js, Java",High School,51-200 employees,"Stock Options, Remote Work Stipend",27/11/2025,118895.0,Remote,Remote,No
Technical Lead,WebDynamics,"Austin, TX",Remote,Technology,94029.0,143622.0,6,2025-11-27 00:00:00,"Python, JavaScript, Git, Machine Learning, Go, Node.js, CI/CD",Bachelor's Degree,501-1000 employees,"Stock Options, Remote Work Stipend",27/11/2025,118825.5,Austin, TX,Yes
Solutions Architect,CodeFactory,"Denver, CO",Part-time,Technology,87970.0,149586.0,4,2025-11-27 00:00:00,"Agile, TypeScript, Docker, Git, Java",Associate Degree,51-200 employees,"Dental, Vision, Annual Bonus",27/11/2025,118778.0,Denver, CO,No
QA Engineer,WebDynamics,"Boston, MA",Part-time,Technology,88400.0,149067.0,4,2025-11-27 00:00:00,"Machine Learning, AWS, Docker, Ruby, Kubernetes",Bachelor's Degree,1-50 employees,"Stock Options, Remote Work Stipend",27/11/2025,118733.5,Boston, MA,No
Frontend Developer,DataInc,"Atlanta, GA",Part-time,Technology,86006.0,151265.0,2,2025-11-27 00:00:00,"Git, TypeScript, Docker, Go",High School,1-50 employees,"Health Insurance, 401(k), Unlimited PTO",27/11/2025,118635.5,Atlanta, GA,No
Technical Lead,TechCorp,"Atlanta, GA",Contract,Technology,81347.0,154512.0,6,2025-11-27 00:00:00,"React, Kubernetes, Docker",Associate Degree,1000+ employees,"Dental, Vision, Annual Bonus",27/11/2025,117929.5,Atlanta, GA,No
Full Stack Developer,CloudSystems,"Austin, TX",Contract,Technology,89373.0,144216.0,3,2025-11-27 00:00:00,"TypeScript, SQL, Node.js, Agile, Git, REST APIs, Machine Learning",Unspecified,501-1000 employees,"Stock Options, Remote Work Stipend",27/11/2025,116794.5,Austin, TX,No
DevOps Engineer,AI Solutions,Remote,Contract,Technology,88680.0,144458.0,3,2025-11-27 00:00:00,"Ruby, Python, AWS, Node.js, SQL, Git",Bachelor's Degree,1-50 employees,"Dental, Vision, Annual Bonus",27/11/2025,116569.0,Remote,Remote,No
Solutions Architect,WebDynamics,"Austin, TX",Full-time,Technology,83262.0,148613.0,3,2025-11-27 00:00:00,"Go, React, TensorFlow, Ruby, Java, Agile, TypeScript",Master's Degree,1000+ employees,"Health Insurance, 401(k), Unlimited PTO",27/11/2025,115937.5,Austin, TX,No
Software Engineer,StartupXYZ,"Toronto, Canada",Remote,Technology,89594.0,142259.0,3,2025-11-27 00:00:00,"Agile, Java, Git, Docker",High School,501-1000 employees,"Dental, Vision, Annual Bonus",27/11/2025,115926.5,Toronto, Canada,Yes
Security Engineer,InnovateLab,"Berlin, Germany",Remote,Technology,88820.0,142920.0,2,2025-11-27 00:00:00,"Agile, Go, Docker, CI/CD",Master's Degree,1000+ employees,"Dental, Vision, Annual Bonus",27/11/2025,115870.0,Berlin, Germany,Yes
QA Engineer,DigitalWorks,"Boston, MA",Contract,Technology,79139.0,151839.0,5,2025-11-27 00:00:00,"TypeScript, React, REST APIs",Associate Degree,1-50 employees,"Stock Options, Remote Work Stipend",27/11/2025,115489.0,Boston, MA,No
Machine Learning Engineer,WebDynamics,"Berlin, Germany",Remote,Technology,88302.0,142198.0,5,2025-11-27 00:00:00,"Java, Kubernetes, TypeScript, Ruby",Associate Degree,201-500 employees,"Stock Options, Remote Work Stipend",27/11/2025,115250.0,Berlin, Germany,Yes
QA Engineer,CloudSystems,"Toronto, Canada",Remote,Technology,89744.0,140745.0,2,2025-11-27 00:00:00,"TensorFlow, Python, REST APIs",High School,1000+ employees,"Stock Options, Remote Work Stipend",27/11/2025,115244.5,Toronto, Canada,Yes
UX Designer,DataInc,"New York, NY",Part-time,Technology,84041.0,144503.0,2,2025-11-27 00:00:00,"Kubernetes, AWS, Agile, Python",PhD,501-1000 employees,"Dental, Vision, Annual Bonus",27/11/2025,114272.0,New York, NY,No
Technical Lead,AI Solutions,"Boston, MA",Full-time,Technology,86121.0,141827.0,10,2025-11-27 00:00:00,"React, Machine Learning, Go, SQL",Associate Degree,1-50 employees,"Dental, Vision, Annual Bonus",27/11/2025,113974.0,Boston, MA,No
Data Scientist,TechCorp,"Denver, CO",Full-time,Technology,88708.0,139205.0,4,2025-11-27 00:00:00,"Python, Git, Agile, REST APIs, React, SQL, MongoDB",High School,1000+ employees,"Health Insurance, 401(k), Unlimited PTO",27/11/2025,113956.5,Denver, CO,No
Security Engineer,EnterpriseHub,"Chicago, IL",Remote,Technology,78178.0,148687.0,4,2025-11-27 00:00:00,"TypeScript, CI/CD, Python, Docker, Go, Ruby, React",PhD,501-1000 employees,"Health Insurance, 401(k), Unlimited PTO",27/11/2025,113432.5,Chicago, IL,Yes
Junior Developer,DigitalWorks,"London, UK",Part-time,Technology,91423.0,134486.0,2,2025-11-27 00:00:00,"Go, Python, CI/CD",Associate Degree,501-1000 employees,"Health Insurance, 401(k), Unlimited PTO",27/11/2025,112954.5,London, UK,No
Backend Developer,CodeFactory,"Atlanta, GA",Contract,Technology,73996.0,150993.0,3,2025-11-27 00:00:00,"Docker, REST APIs, AWS, Java, Python, TypeScript",Master's Degree,201-500 employees,"Stock Options, Remote Work Stipend",27/11/2025,112494.5,Atlanta, GA,No
Full Stack Developer,EnterpriseHub,Remote,Remote,Technology,79809.0,144949.0,4,2025-11-27 00:00:00,"Go, Docker, Machine Learning, Python, Kubernetes, React, AWS",PhD,1-50 employees,"Health Insurance, 401(k), Unlimited PTO",27/11/2025,112379.0,Remote,Remote,Yes
Software Engineer,StartupXYZ,"Austin, TX",Full-time,Technology,86256.0,138322.0,3,2025-11-27 00:00:00,"AWS, Machine Learning, Docker, JavaScript, TypeScript, Java, Node.js",Master's Degree,201-500 employees,"Health Insurance, 401(k), Unlimited PTO",27/11/2025,112289.0,Austin, TX,No
Machine Learning Engineer,AI Solutions,"Austin, TX",Part-time,Technology,89865.0,134690.0,3,2025-11-27 00:00:00,"Python, TensorFlow, MongoDB, AWS, Go, JavaScript, TypeScript",PhD,1-50 employees,"Health Insurance, 401(k), Unlimited PTO",27/11/2025,112277.5,Austin, TX,No
Data Scientist,CloudSystems,"Austin, TX",Part-time,Technology,74350.0,150171.0,5,2025-11-27 00:00:00,"MongoDB, Node.js, REST APIs",Bachelor's Degree,201-500 employees,"Health Insurance, 401(k), Unlimited PTO",27/11/2025,112260.5,Austin, TX,No
Frontend Developer,AI Solutions,"Boston, MA",Contract,Technology,76754.0,147738.0,2,2025-11-27 00:00:00,"Node.js, TypeScript, Machine Learning, Python, Go, Agile, Ruby",High School,1000+ employees,"Dental, Vision, Annual Bonus",27/11/2025,112246.0,Boston, MA,No
System Administrator,DataInc,"London, UK",Part-time,Technology,86676.0,137346.0,2,2025-11-27 00:00:00,"MongoDB, Machine Learning, SQL, Ruby, JavaScript, Go, Kubernetes",Associate Degree,501-1000 employees,"Stock Options, Remote Work Stipend",27/11/2025,112011.0,London, UK,No
Backend Developer,InnovateLab,"Austin, TX",Remote,Technology,71897.0,152018.0,2,2025-11-27 00:00:00,"Ruby, JavaScript, Agile, SQL, CI/CD",Master's Degree,1000+ employees,"Health Insurance, 401(k), Unlimited PTO",27/11/2025,111957.5,Austin, TX,Yes
Full Stack Developer,InnovateLab,"Boston, MA",Part-time,Technology,75303.0,148537.0,4,2025-11-27 00:00:00,"Kubernetes, Docker, Node.js, Git",Associate Degree,51-200 employees,"Stock Options, Remote Work Stipend",27/11/2025,111920.0,Boston, MA,No
Junior Developer,CodeFactory,"Seattle, WA",Contract,Technology,88329.0,135378.0,0,2025-11-27 00:00:00,"SQL, Machine Learning, TypeScript, JavaScript, CI/CD, Docker",Unspecified,1-50 employees,"Health Insurance, 401(k), Unlimited PTO",27/11/2025,111853.5,Seattle, WA,No
Software Engineer,DigitalWorks,Remote,Part-time,Technology,72899.0,150681.0,4,2025-11-27 00:00:00,"Node.js, SQL, Docker, Kubernetes, JavaScript",Master's Degree,1000+ employees,"Dental, Vision, Annual Bonus",27/11/2025,111790.0,Remote,Remote,No
DevOps Engineer,InnovateLab,"Atlanta, GA",Contract,Technology,72611.0,150517.0,3,2025-11-27 00:00:00,"Git, Ruby, Go, Machine Learning, MongoDB",Unspecified,201-500 employees,"Stock Options, Remote Work Stipend",27/11/2025,111564.0,Atlanta, GA,No
Full Stack Developer,EnterpriseHub,"Boston, MA",Part-time,Technology,81791.0,141013.0,3,2025-11-27 00:00:00,"TensorFlow, REST APIs, Git, Agile",Master's Degree,1-50 employees,"Dental, Vision, Annual Bonus",27/11/2025,111402.0,Boston, MA,No
Software Engineer,TechCorp,"Toronto, Canada",Remote,Technology,73214.0,149493.0,3,2025-11-27 00:00:00,"Node.js, CI/CD, TypeScript, Kubernetes, MongoDB",High School,1000+ employees,"Stock Options, Remote Work Stipend",27/11/2025,111353.5,Toronto, Canada,Yes
Business Analyst,CloudSystems,"San Francisco, CA",Part-time,Technology,79929.0,141936.0,3,2025-11-27 00:00:00,"SQL, Docker, AWS, Kubernetes, Python",Associate Degree,1-50 employees,"Health Insurance, 401(k), Unlimited PTO",27/11/2025,110932.5,San Francisco, CA,No
System Administrator,WebDynamics,"London, UK",Part-time,Technology,79215.0,141984.0,2,2025-11-27 00:00:00,"Agile, Node.js, React, REST APIs",Bachelor's Degree,1000+ employees,"Stock Options, Remote Work Stipend",27/11/2025,110599.5,London, UK,No
Machine Learning Engineer,AI Solutions,"Toronto, Canada",Full-time,Technology,79372.0,141777.0,3,2025-11-27 00:00:00,"AWS, Go, Git, React",Master's Degree,201-500 employees,"Dental, Vision, Annual Bonus",27/11/2025,110574.5,Toronto, Canada,No
Frontend Developer,InnovateLab,Remote,Full-time,Technology,87625.0,132532.0,5,2025-11-27 00:00:00,"Machine Learning, Python, Docker, Git, Node.js",PhD,501-1000 employees,"Dental, Vision, Annual Bonus",27/11/2025,110078.5,Remote,Remote,No
UX Designer,TechCorp,"London, UK",Full-time,Technology,80235.0,139878.0,5,2025-11-27 00:00:00,"Docker, TypeScript, REST APIs, Kubernetes, TensorFlow, Ruby, React",High School,501-1000 employees,"Health Insurance, 401(k), Unlimited PTO",27/11/2025,110056.5,London, UK,No
Junior Developer,WebDynamics,"San Francisco, CA",Full-time,Technology,75038.0,145045.0,0,2025-11-27 00:00:00,"JavaScript, Kubernetes, REST APIs, Python, AWS, TensorFlow",Master's Degree,1000+ employees,"Dental, Vision, Annual Bonus",27/11/2025,110041.5,San Francisco, CA,No
Solutions Architect,DigitalWorks,"Austin, TX",Contract,Technology,79969.0,139758.0,2,2025-11-27 00:00:00,"MongoDB, TypeScript, Machine Learning, Ruby, Python, Agile, TensorFlow",High School,201-500 employees,"Stock Options, Remote Work Stipend",27/11/2025,109863.5,Austin, TX,No
Security Engineer,CodeFactory,"Austin, TX",Full-time,Technology,83062.0,136568.0,3,2025-11-27 00:00:00,"Python, React, CI/CD",Associate Degree,201-500 employees,"Health Insurance, 401(k), Unlimited PTO",27/11/2025,109815.0,Austin, TX,No
Solutions Architect,TechCorp,"Atlanta, GA",Full-time,Technology,74245.0,145021.0,2,2025-11-27 00:00:00,"CI/CD, Machine Learning, Docker, TypeScript",Bachelor's Degree,51-200 employees,"Dental, Vision, Annual Bonus",27/11/2025,109633.0,Atlanta, GA,No
Solutions Architect,CloudSystems,"Boston, MA",Full-time,Technology,87002.0,132231.0,3,2025-11-27 00:00:00,"AWS, CI/CD, Python",Unspecified,51-200 employees,"Dental, Vision, Annual Bonus",27/11/2025,109616.5,Boston, MA,No
Machine Learning Engineer,EnterpriseHub,"Berlin, Germany",Remote,Technology,86275.0,132888.0,4,2025-11-27 00:00:00,"Kubernetes, TensorFlow, JavaScript, Git, React, Python, Go",High School,51-200 employees,"Health Insurance, 401(k), Unlimited PTO",27/11/2025,109581.5,Berlin, Germany,Yes
Security Engineer,TechCorp,"Atlanta, GA",Full-time,Technology,85072.0,132469.0,5,2025-11-27 00:00:00,"REST APIs, React, Ruby, Python, Git",Bachelor's Degree,51-200 employees,"Health Insurance, 401(k), Unlimited PTO",27/11/2025,108770.5,Atlanta, GA,No
Machine Learning Engineer,DataInc,"Berlin, Germany",Contract,Technology,77143.0,139717.0,3,2025-11-27 00:00:00,"Machine Learning, React, REST APIs, CI/CD, Go, Docker",High School,51-200 employees,"Dental, Vision, Annual Bonus",27/11/2025,108430.0,Berlin, Germany,No
Backend Developer,WebDynamics,Remote,Contract,Technology,76412.0,139674.0,3,2025-11-27 00:00:00,"CI/CD, Agile, SQL, TensorFlow, Docker",Unspecified,1-50 employees,"Stock Options, Remote Work Stipend",27/11/2025,108043.0,Remote,Remote,No
Software Engineer,WebDynamics,"Berlin, Germany",Contract,Technology,78733.0,137099.0,3,2025-11-27 00:00:00,"AWS, Git, Ruby, TensorFlow, Agile",Associate Degree,1000+ employees,"Dental, Vision, Annual Bonus",27/11/2025,107916.0,Berlin, Germany,No
Machine Learning Engineer,CloudSystems,"Boston, MA",Part-time,Technology,81416.0,134304.0,2,2025-11-27 00:00:00,"CI/CD, Go, Node.js, Ruby, REST APIs",PhD,51-200 employees,"Health Insurance, 401(k), Unlimited PTO",27/11/2025,107860.0,Boston, MA,No
Frontend Developer,CloudSystems,"Boston, MA",Contract,Technology,75229.0,140057.0,2,2025-11-27 00:00:00,"Java, React, Agile, Docker, Python, Machine Learning",Associate Degree,1-50 employees,"Stock Options, Remote Work Stipend",27/11/2025,107643.0,Boston, MA,No
Machine Learning Engineer,StartupXYZ,Remote,Full-time,Technology,81209.0,133662.0,3,2025-11-27 00:00:00,"Machine Learning, Go, Git, Docker, REST APIs, CI/CD",High School,201-500 employees,"Stock Options, Remote Work Stipend",27/11/2025,107435.5,Remote,Remote,No
Solutions Architect,TechCorp,"Austin, TX",Part-time,Technology,81682.0,133112.0,5,2025-11-27 00:00:00,"Ruby, Python, React, Java, TensorFlow, JavaScript, REST APIs",Bachelor's Degree,501-1000 employees,"Dental, Vision, Annual Bonus",27/11/2025,107397.0,Austin, TX,No
Solutions Architect,CodeFactory,"Atlanta, GA",Part-time,Technology,83140.0,131579.0,3,2025-11-27 00:00:00,"Node.js, MongoDB, Go, Agile, AWS, TypeScript, Machine Learning",Unspecified,1-50 employees,"Dental, Vision, Annual Bonus",27/11/2025,107359.5,Atlanta, GA,No
Software Engineer,EnterpriseHub,"Toronto, Canada",Part-time,Technology,78059.0,136317.0,4,2025-11-27 00:00:00,"CI/CD, Python, Kubernetes",Unspecified,1000+ employees,"Stock Options, Remote Work Stipend",27/11/2025,107188.0,Toronto, Canada,No
Data Scientist,EnterpriseHub,"Austin, TX",Part-time,Technology,82317.0,131764.0,5,2025-11-27 00:00:00,"REST APIs, AWS, SQL",Master's Degree,201-500 employees,"Dental, Vision, Annual Bonus",27/11/2025,107040.5,Austin, TX,No
Machine Learning Engineer,CloudSystems,"Boston, MA",Remote,Technology,73064.0,140990.0,2,2025-11-27 00:00:00,"React, Node.js, Docker, Python, Ruby",Associate Degree,501-1000 employees,"Health Insurance, 401(k), Unlimited PTO",27/11/2025,107027.0,Boston, MA,Yes
Software Engineer,CloudSystems,"Boston, MA",Remote,Technology,74824.0,138525.0,5,2025-11-27 00:00:00,"TensorFlow, Machine Learning, Node.js, JavaScript, Agile, TypeScript",High School,51-200 employees,"Health Insurance, 401(k), Unlimited PTO",27/11/2025,106674.5,Boston, MA,Yes
Solutions Architect,DigitalWorks,"Denver, CO",Part-time,Technology,76836.0,135463.0,5,2025-11-27 00:00:00,"Go, Agile, Python, Docker, CI/CD, React, TensorFlow",Associate Degree,201-500 employees,"Stock Options, Remote Work Stipend",27/11/2025,106149.5,Denver, CO,No
DevOps Engineer,InnovateLab,Remote,Part-time,Technology,71916.0,140205.0,3,2025-11-27 00:00:00,"Machine Learning, Python, TypeScript, Kubernetes, REST APIs, Ruby",High School,1-50 employees,"Dental, Vision, Annual Bonus",27/11/2025,106060.5,Remote,Remote,No
Frontend Developer,StartupXYZ,"Toronto, Canada",Part-time,Technology,72650.0,138650.0,4,2025-11-27 00:00:00,"TypeScript, React, Agile, SQL, Git, Go, MongoDB",Associate Degree,201-500 employees,"Health Insurance, 401(k), Unlimited PTO",27/11/2025,105650.0,Toronto, Canada,No
DevOps Engineer,StartupXYZ,"Boston, MA",Full-time,Technology,75901.0,135037.0,4,2025-11-27 00:00:00,"Ruby, Go, MongoDB, TypeScript, Machine Learning",Master's Degree,1000+ employees,"Dental, Vision, Annual Bonus",27/11/2025,105469.0,Boston, MA,No
DevOps Engineer,StartupXYZ,"Berlin, Germany",Full-time,Technology,71538.0,139212.0,4,2025-11-27 00:00:00,"Agile, Docker, React, Go, SQL, Kubernetes, CI/CD",Bachelor's Degree,501-1000 employees,"Dental, Vision, Annual Bonus",27/11/2025,105375.0,Berlin, Germany,No
System Administrator,WebDynamics,"Seattle, WA",Full-time,Technology,84186.0,125685.0,2,2025-11-27 00:00:00,"SQL, Kubernetes, Git, Go, Ruby, Agile",PhD,201-500 employees,"Dental, Vision, Annual Bonus",27/11/2025,104935.5,Seattle, WA,No
QA Engineer,EnterpriseHub,"Chicago, IL",Contract,Technology,70109.0,138893.0,4,2025-11-27 00:00:00,"Go, Agile, TypeScript, CI/CD, TensorFlow, Ruby, Java",Bachelor's Degree,1000+ employees,"Stock Options, Remote Work Stipend",27/11/2025,104501.0,Chicago, IL,No
Software Engineer,AI Solutions,"Boston, MA",Remote,Technology,74316.0,134145.0,2,2025-11-27 00:00:00,"Agile, Kubernetes, Machine Learning",PhD,1000+ employees,"Health Insurance, 401(k), Unlimited PTO",27/11/2025,104230.5,Boston, MA,Yes
Solutions Architect,TechCorp,"Chicago, IL",Remote,Technology,71875.0,134585.0,3,2025-11-27 00:00:00,"Kubernetes, Python, Machine Learning",Associate Degree,51-200 employees,"Dental, Vision, Annual Bonus",27/11/2025,103230.0,Chicago, IL,Yes
Full Stack Developer,DataInc,"Boston, MA",Part-time,Technology,76018.0,130316.0,5,2025-11-27 00:00:00,"SQL, Go, TypeScript, CI/CD, Node.js, Java",Unspecified,501-1000 employees,"Stock Options, Remote Work Stipend",27/11/2025,103167.0,Boston, MA,No
Security Engineer,TechCorp,"Austin, TX",Contract,Technology,71872.0,134040.0,2,2025-11-27 00:00:00,"Docker, Agile, Ruby, SQL, Machine Learning, TensorFlow",Associate Degree,51-200 employees,"Stock Options, Remote Work Stipend",27/11/2025,102956.0,Austin, TX,No
Business Analyst,CodeFactory,"New York, NY",Remote,Technology,82129.0,122656.0,4,2025-11-27 00:00:00,"Machine Learning, Node.js, Docker, CI/CD",Master's Degree,1-50 employees,"Health Insurance, 401(k), Unlimited PTO",27/11/2025,102392.5,New York, NY,Yes
Junior Developer,DataInc,"Chicago, IL",Contract,Technology,73663.0,123800.0,1,2025-11-27 00:00:00,"Agile, Java, AWS, Git, Machine Learning, Ruby, Docker",PhD,51-200 employees,"Dental, Vision, Annual Bonus",27/11/2025,98731.5,Chicago, IL,No
Business Analyst,CodeFactory,"New York, NY",Contract,Technology,69993.0,124119.0,3,2025-11-27 00:00:00,"Agile, Go, CI/CD",Master's Degree,201-500 employees,"Stock Options, Remote Work Stipend",27/11/2025,97056.0,New York, NY,No
Junior Developer,DigitalWorks,"Toronto, Canada",Contract,Technology,70717.0,121078.0,0,2025-11-27 00:00:00,"Git, MongoDB, REST APIs, Agile, Go, CI/CD, Python",Bachelor's Degree,1000+ employees,"Health Insurance, 401(k), Unlimited PTO",27/11/2025,95897.5,Toronto, Canada,No
Junior Developer,AI Solutions,"Denver, CO",Full-time,Technology,71565.0,119090.0,1,2025-11-27 00:00:00,"Ruby, CI/CD, AWS, Node.js, Git, SQL",High School,1-50 employees,"Stock Options, Remote Work Stipend",27/11/2025,95327.5,Denver, CO,No
Business Analyst,DigitalWorks,"Denver, CO",Remote,Technology,65168.0,114551.0,4,2025-11-27 00:00:00,"Docker, TensorFlow, React, Agile, Python, SQL, CI/CD",Master's Degree,1000+ employees,"Health Insurance, 401(k), Unlimited PTO",27/11/2025,89859.5,Denver, CO,Yes
System Administrator,WebDynamics,"Denver, CO",Full-time,Technology,65403.0,112418.0,5,2025-11-27 00:00:00,"React, Agile, Python, Docker, JavaScript, Kubernetes",Bachelor's Degree,1-50 employees,"Stock Options, Remote Work Stipend",27/11/2025,88910.5,Denver, CO,No
Junior Developer,DataInc,"Austin, TX",Contract,Technology,57074.0,119803.0,2,2025-11-27 00:00:00,"MongoDB, Python, TypeScript, React, Node.js",Master's Degree,1000+ employees,"Stock Options, Remote Work Stipend",27/11/2025,88438.5,Austin, TX,No
Junior Developer,AI Solutions,"Boston, MA",Part-time,Technology,61463.0,114523.0,1,2025-11-27 00:00:00,"MongoDB, Go, CI/CD, React, Java, Kubernetes, Git",Associate Degree,201-500 employees,"Stock Options, Remote Work Stipend",27/11/2025,87993.0,Boston, MA,No
UX Designer,TechCorp,"Boston, MA",Remote,Technology,66215.0,105651.0,3,2025-11-27 00:00:00,"Agile, TensorFlow, Ruby, JavaScript, Docker",Master's Degree,501-1000 employees,"Dental, Vision, Annual Bonus",27/11/2025,85933.0,Boston, MA,Yes
System Administrator,CodeFactory,"Chicago, IL",Remote,Technology,64421.0,107131.0,3,2025-11-27 00:00:00,"Node.js, React, REST APIs, Kubernetes",Master's Degree,201-500 employees,"Dental, Vision, Annual Bonus",27/11/2025,85776.0,Chicago, IL,Yes
System Administrator,EnterpriseHub,"Boston, MA",Remote,Technology,69504.0,101397.0,3,2025-11-27 00:00:00,"Python, Ruby, Machine Learning, SQL, Docker",Associate Degree,1-50 employees,"Stock Options, Remote Work Stipend",27/11/2025,85450.5,Boston, MA,Yes
System Administrator,TechCorp,"Austin, TX",Contract,Technology,63238.0,103813.0,2,2025-11-27 00:00:00,"AWS, React, Agile, TypeScript",Bachelor's Degree,1-50 employees,"Dental, Vision, Annual Bonus",27/11/2025,83525.5,Austin, TX,No
Business Analyst,WebDynamics,"Austin, TX",Contract,Technology,59839.0,106042.0,4,2025-11-27 00:00:00,"TypeScript, Git, Go",High School,51-200 employees,"Stock Options, Remote Work Stipend",27/11/2025,82940.5,Austin, TX,No
Data Analyst,EnterpriseHub,"Austin, TX",Full-time,Technology,60240.0,104773.0,5,2025-11-27 00:00:00,"Docker, AWS, MongoDB, Kubernetes, JavaScript",Master's Degree,51-200 employees,"Stock Options, Remote Work Stipend",27/11/2025,82506.5,Austin, TX,No
System Administrator,CodeFactory,"Berlin, Germany",Remote,Technology,65099.0,99882.0,5,2025-11-27 00:00:00,"REST APIs, AWS, React",High School,1000+ employees,"Dental, Vision, Annual Bonus",27/11/2025,82490.5,Berlin, Germany,Yes
UX Designer,StartupXYZ,"Denver, CO",Full-time,Technology,62677.0,102299.0,4,2025-11-27 00:00:00,"Ruby, React, JavaScript, TypeScript, SQL, AWS",Master's Degree,1000+ employees,"Dental, Vision, Annual Bonus",27/11/2025,82488.0,Denver, CO,No
System Administrator,DigitalWorks,"Chicago, IL",Remote,Technology,56323.0,108363.0,4,2025-11-27 00:00:00,"Node.js, React, Machine Learning, CI/CD, Agile, TypeScript, Java",Bachelor's Degree,51-200 employees,"Dental, Vision, Annual Bonus",27/11/2025,82343.0,Chicago, IL,Yes
Business Analyst,CloudSystems,"Austin, TX",Part-time,Technology,61751.0,102243.0,2,2025-11-27 00:00:00,"AWS, JavaScript, MongoDB, TensorFlow, Machine Learning, Ruby, Agile",Unspecified,501-1000 employees,"Stock Options, Remote Work Stipend",27/11/2025,81997.0,Austin, TX,No
Business Analyst,TechCorp,"Atlanta, GA",Remote,Technology,69329.0,91860.0,3,2025-11-27 00:00:00,"Ruby, Node.js, Git, TensorFlow, CI/CD",Unspecified,201-500 employees,"Stock Options, Remote Work Stipend",27/11/2025,80594.5,Atlanta, GA,Yes
Business Analyst,EnterpriseHub,"Denver, CO",Remote,Technology,60548.0,99605.0,2,2025-11-27 00:00:00,"MongoDB, Machine Learning, JavaScript, AWS, Node.js, Python",PhD,1-50 employees,"Stock Options, Remote Work Stipend",27/11/2025,80076.5,Denver, CO,Yes
Data Analyst,EnterpriseHub,"Chicago, IL",Contract,Technology,50892.0,107918.0,3,2025-11-27 00:00:00,"Kubernetes, Node.js, Java, SQL, Go, React",PhD,1000+ employees,"Dental, Vision, Annual Bonus",27/11/2025,79405.0,Chicago, IL,No
Business Analyst,InnovateLab,Remote,Full-time,Technology,63339.0,94476.0,3,2025-11-27 00:00:00,"REST APIs, Kubernetes, MongoDB",PhD,1000+ employees,"Health Insurance, 401(k), Unlimited PTO",27/11/2025,78907.5,Remote,Remote,No
UX Designer,WebDynamics,Remote,Full-time,Technology,65938.0,91253.0,2,2025-11-27 00:00:00,"Java, Docker, Machine Learning",Associate Degree,501-1000 employees,"Dental, Vision, Annual Bonus",27/11/2025,78595.5,Remote,Remote,No
UX Designer,TechCorp,"Chicago, IL",Contract,Technology,53114.0,103673.0,5,2025-11-27 00:00:00,"SQL, MongoDB, Ruby, AWS",Bachelor's Degree,501-1000 employees,"Dental, Vision, Annual Bonus",27/11/2025,78393.5,Chicago, IL,No
Data Analyst,StartupXYZ,"Toronto, Canada",Full-time,Technology,52720.0,103309.0,3,2025-11-27 00:00:00,"SQL, Go, JavaScript, Machine Learning, REST APIs",Unspecified,501-1000 employees,"Dental, Vision, Annual Bonus",27/11/2025,78014.5,Toronto, Canada,No
UX Designer,TechCorp,"Atlanta, GA",Contract,Technology,55647.0,99793.0,4,2025-11-27 00:00:00,"AWS, JavaScript, Machine Learning, REST APIs, Python, Git, Go",Master's Degree,1-50 employees,"Health Insurance, 401(k), Unlimited PTO",27/11/2025,77720.0,Atlanta, GA,No
Data Analyst,StartupXYZ,"Denver, CO",Contract,Technology,53490.0,100804.0,3,2025-11-27 00:00:00,"JavaScript, Kubernetes, TypeScript, Python, TensorFlow, Ruby, Git",Associate Degree,51-200 employees,"Stock Options, Remote Work Stipend",27/11/2025,77147.0,Denver, CO,No
UX Designer,StartupXYZ,"Denver, CO",Part-time,Technology,55151.0,98695.0,2,2025-11-27 00:00:00,"Git, Python, AWS, React",PhD,1000+ employees,"Dental, Vision, Annual Bonus",27/11/2025,76923.0,Denver, CO,No
Data Analyst,InnovateLab,"Austin, TX",Part-time,Technology,51888.0,91798.0,3,2025-11-27 00:00:00,"Python, TypeScript, TensorFlow, Ruby",Unspecified,1-50 employees,"Stock Options, Remote Work Stipend",27/11/2025,71843.0,Austin, TX,No
Business Analyst,DigitalWorks,"Toronto, Canada",Part-time,Technology,52419.0,90437.0,2,2025-11-27 00:00:00,"Python, CI/CD, Machine Learning, SQL",Master's Degree,1-50 employees,"Health Insurance, 401(k), Unlimited PTO",27/11/2025,71428.0,Toronto, Canada,No
